new Credential { LoginId = "James_Johnson", PasswordHash = PasswordHasher.HashPassword("password") },
new Credential { LoginId = "Josephine_Darakjy", PasswordHash = PasswordHasher.HashPassword("password") },
new Credential { LoginId = "Lenna_Paprocki", PasswordHash = PasswordHasher.HashPassword("password") },
new Credential { LoginId = "Donette_Foller", PasswordHash = PasswordHasher.HashPassword("password") },
new Credential { LoginId = "Simona_Morasca", PasswordHash = PasswordHasher.HashPassword("password") },
new Credential { LoginId = "Mitsue_Tollner", PasswordHash = PasswordHasher.HashPassword("password") },
new Credential { LoginId = "Leota_Dilliard", PasswordHash = PasswordHasher.HashPassword("password") },
new Credential { LoginId = "Sage_Wieser", PasswordHash = PasswordHasher.HashPassword("password") },
new Credential { LoginId = "Kris_Marrier", PasswordHash = PasswordHasher.HashPassword("password") },
new Credential { LoginId = "Minna_Amigon", PasswordHash = PasswordHasher.HashPassword("password") },
new Credential { LoginId = "Abel_Maclead", PasswordHash = PasswordHasher.HashPassword("password") },
new Credential { LoginId = "Kiley_Caldarera", PasswordHash = PasswordHasher.HashPassword("password") },
new Credential { LoginId = "Graciela_Ruta", PasswordHash = PasswordHasher.HashPassword("password") },
new Credential { LoginId = "Cammy_Albares", PasswordHash = PasswordHasher.HashPassword("password") },
new Credential { LoginId = "Mattie_Poquette", PasswordHash = PasswordHasher.HashPassword("password") },
new Credential { LoginId = "Meaghan_Garufi", PasswordHash = PasswordHasher.HashPassword("password") },
new Credential { LoginId = "Gladys_Rim", PasswordHash = PasswordHasher.HashPassword("password") },
new Credential { LoginId = "Yuki_Whobrey", PasswordHash = PasswordHasher.HashPassword("password") },
new Credential { LoginId = "Fletcher_Flosi", PasswordHash = PasswordHasher.HashPassword("password") },
new Credential { LoginId = "Bette_Nicka", PasswordHash = PasswordHasher.HashPassword("password") },
new Credential { LoginId = "Veronika_Inouye", PasswordHash = PasswordHasher.HashPassword("password") },
new Credential { LoginId = "Willard_Kolmetz", PasswordHash = PasswordHasher.HashPassword("password") },
new Credential { LoginId = "Maryann_Royster", PasswordHash = PasswordHasher.HashPassword("password") },
new Credential { LoginId = "Allene_Iturbide", PasswordHash = PasswordHasher.HashPassword("password") },
new Credential { LoginId = "Chanel_Caudy", PasswordHash = PasswordHasher.HashPassword("password") },
new Credential { LoginId = "Ezekiel_Chui", PasswordHash = PasswordHasher.HashPassword("password") },
new Credential { LoginId = "Willow_Kusko", PasswordHash = PasswordHasher.HashPassword("password") },
new Credential { LoginId = "Bernardo_Figeroa", PasswordHash = PasswordHasher.HashPassword("password") },
new Credential { LoginId = "Ammie_Corrio", PasswordHash = PasswordHasher.HashPassword("password") },
new Credential { LoginId = "Francine_Vocelka", PasswordHash = PasswordHasher.HashPassword("password") },
new Credential { LoginId = "Alishia_Sergi", PasswordHash = PasswordHasher.HashPassword("password") },
new Credential { LoginId = "Solange_Shinko", PasswordHash = PasswordHasher.HashPassword("password") },
new Credential { LoginId = "Jose_Stockham", PasswordHash = PasswordHasher.HashPassword("password") },
new Credential { LoginId = "Rozella_Ostrosky", PasswordHash = PasswordHasher.HashPassword("password") },
new Credential { LoginId = "Valentine_Gillian", PasswordHash = PasswordHasher.HashPassword("password") },
new Credential { LoginId = "Kati_Rulapaugh", PasswordHash = PasswordHasher.HashPassword("password") },
new Credential { LoginId = "Youlanda_Schemmer", PasswordHash = PasswordHasher.HashPassword("password") },
new Credential { LoginId = "Dyan_Oldroyd", PasswordHash = PasswordHasher.HashPassword("password") },
new Credential { LoginId = "Roxane_Campain", PasswordHash = PasswordHasher.HashPassword("password") },
new Credential { LoginId = "Lavera_Perin", PasswordHash = PasswordHasher.HashPassword("password") },
new Credential { LoginId = "Erick_Ferencz", PasswordHash = PasswordHasher.HashPassword("password") },
new Credential { LoginId = "Fatima_Saylors", PasswordHash = PasswordHasher.HashPassword("password") },
new Credential { LoginId = "Kanisha_Waycott", PasswordHash = PasswordHasher.HashPassword("password") },
new Credential { LoginId = "Emerson_Bowley", PasswordHash = PasswordHasher.HashPassword("password") },
new Credential { LoginId = "Blair_Malet", PasswordHash = PasswordHasher.HashPassword("password") },
new Credential { LoginId = "Brock_Bolognia", PasswordHash = PasswordHasher.HashPassword("password") },
new Credential { LoginId = "Lorrie_Nestle", PasswordHash = PasswordHasher.HashPassword("password") },
new Credential { LoginId = "Sabra_Uyetake", PasswordHash = PasswordHasher.HashPassword("password") },
new Credential { LoginId = "Marjory_Mastella", PasswordHash = PasswordHasher.HashPassword("password") },
new Credential { LoginId = "Tonette_Wenner", PasswordHash = PasswordHasher.HashPassword("password") },
new Credential { LoginId = "Amber_Monarrez", PasswordHash = PasswordHasher.HashPassword("password") },
new Credential { LoginId = "Shenika_Seewald", PasswordHash = PasswordHasher.HashPassword("password") },
new Credential { LoginId = "Deeanna_Juhas", PasswordHash = PasswordHasher.HashPassword("password") },
new Credential { LoginId = "Cecily_Hollack", PasswordHash = PasswordHasher.HashPassword("password") },
new Credential { LoginId = "Carmelina_Lindall", PasswordHash = PasswordHasher.HashPassword("password") },
new Credential { LoginId = "Maurine_Yglesias", PasswordHash = PasswordHasher.HashPassword("password") },
new Credential { LoginId = "Tawna_Buvens", PasswordHash = PasswordHasher.HashPassword("password") },
new Credential { LoginId = "Penney_Weight", PasswordHash = PasswordHasher.HashPassword("password") },
new Credential { LoginId = "Elly_Morocco", PasswordHash = PasswordHasher.HashPassword("password") },
new Credential { LoginId = "Ilene_Eroman", PasswordHash = PasswordHasher.HashPassword("password") },
new Credential { LoginId = "Vallie_Mondella", PasswordHash = PasswordHasher.HashPassword("password") },
new Credential { LoginId = "Kallie_Blackwood", PasswordHash = PasswordHasher.HashPassword("password") },
new Credential { LoginId = "Johnetta_Abdallah", PasswordHash = PasswordHasher.HashPassword("password") },
new Credential { LoginId = "Bobbye_Rhym", PasswordHash = PasswordHasher.HashPassword("password") },
new Credential { LoginId = "Micaela_Rhymes", PasswordHash = PasswordHasher.HashPassword("password") },
new Credential { LoginId = "Tamar_Hoogland", PasswordHash = PasswordHasher.HashPassword("password") },
new Credential { LoginId = "Moon_Parlato", PasswordHash = PasswordHasher.HashPassword("password") },
new Credential { LoginId = "Laurel_Reitler", PasswordHash = PasswordHasher.HashPassword("password") },
new Credential { LoginId = "Viva_Toelkes", PasswordHash = PasswordHasher.HashPassword("password") },
new Credential { LoginId = "Devorah_Chickering", PasswordHash = PasswordHasher.HashPassword("password") },
new Credential { LoginId = "Timothy_Mulqueen", PasswordHash = PasswordHasher.HashPassword("password") },
new Credential { LoginId = "Arlette_Honeywell", PasswordHash = PasswordHasher.HashPassword("password") },
new Credential { LoginId = "Dominque_Dickerson", PasswordHash = PasswordHasher.HashPassword("password") },
new Credential { LoginId = "Lettie_Isenhower", PasswordHash = PasswordHasher.HashPassword("password") },
new Credential { LoginId = "Myra_Munns", PasswordHash = PasswordHasher.HashPassword("password") },
new Credential { LoginId = "Stephaine_Barfield", PasswordHash = PasswordHasher.HashPassword("password") },
new Credential { LoginId = "Lai_Gato", PasswordHash = PasswordHasher.HashPassword("password") },
new Credential { LoginId = "Stephen_Emigh", PasswordHash = PasswordHasher.HashPassword("password") },
new Credential { LoginId = "Tyra_Shields", PasswordHash = PasswordHasher.HashPassword("password") },
new Credential { LoginId = "Tammara_Wardrip", PasswordHash = PasswordHasher.HashPassword("password") },
new Credential { LoginId = "Cory_Gibes", PasswordHash = PasswordHasher.HashPassword("password") },
new Credential { LoginId = "Danica_Bruschke", PasswordHash = PasswordHasher.HashPassword("password") },
new Credential { LoginId = "Wilda_Giguere", PasswordHash = PasswordHasher.HashPassword("password") },
new Credential { LoginId = "Elvera_Benimadho", PasswordHash = PasswordHasher.HashPassword("password") },
new Credential { LoginId = "Carma_Vanheusen", PasswordHash = PasswordHasher.HashPassword("password") },
new Credential { LoginId = "Malinda_Hochard", PasswordHash = PasswordHasher.HashPassword("password") },
new Credential { LoginId = "Natalie_Fern", PasswordHash = PasswordHasher.HashPassword("password") },
new Credential { LoginId = "Lisha_Centini", PasswordHash = PasswordHasher.HashPassword("password") },
new Credential { LoginId = "Arlene_Klusman", PasswordHash = PasswordHasher.HashPassword("password") },
new Credential { LoginId = "Alease_Buemi", PasswordHash = PasswordHasher.HashPassword("password") },
new Credential { LoginId = "Louisa_Cronauer", PasswordHash = PasswordHasher.HashPassword("password") },
new Credential { LoginId = "Angella_Cetta", PasswordHash = PasswordHasher.HashPassword("password") },
new Credential { LoginId = "Cyndy_Goldammer", PasswordHash = PasswordHasher.HashPassword("password") },
new Credential { LoginId = "Rosio_Cork", PasswordHash = PasswordHasher.HashPassword("password") },
new Credential { LoginId = "Celeste_Korando", PasswordHash = PasswordHasher.HashPassword("password") },
new Credential { LoginId = "Twana_Felger", PasswordHash = PasswordHasher.HashPassword("password") },
new Credential { LoginId = "Estrella_Samu", PasswordHash = PasswordHasher.HashPassword("password") },
new Credential { LoginId = "Tiffiny_Steffensmeier", PasswordHash = PasswordHasher.HashPassword("password") },
new Credential { LoginId = "Edna_Miceli", PasswordHash = PasswordHasher.HashPassword("password") },
new Credential { LoginId = "Sue_Kownacki", PasswordHash = PasswordHasher.HashPassword("password") },
new Credential { LoginId = "Jesusa_Shin", PasswordHash = PasswordHasher.HashPassword("password") },
new Credential { LoginId = "Pamella_Schmierer", PasswordHash = PasswordHasher.HashPassword("password") },
new Credential { LoginId = "Glory_Kulzer", PasswordHash = PasswordHasher.HashPassword("password") },
new Credential { LoginId = "Shawna_Palaspas", PasswordHash = PasswordHasher.HashPassword("password") },
new Credential { LoginId = "Brandon_Callaro", PasswordHash = PasswordHasher.HashPassword("password") },
new Credential { LoginId = "Scarlet_Cartan", PasswordHash = PasswordHasher.HashPassword("password") },
new Credential { LoginId = "Xuan_Rochin", PasswordHash = PasswordHasher.HashPassword("password") },
new Credential { LoginId = "Lindsey_Dilello", PasswordHash = PasswordHasher.HashPassword("password") },
new Credential { LoginId = "Devora_Perez", PasswordHash = PasswordHasher.HashPassword("password") },
new Credential { LoginId = "Herman_Demesa", PasswordHash = PasswordHasher.HashPassword("password") },
new Credential { LoginId = "Rory_Papasergi", PasswordHash = PasswordHasher.HashPassword("password") },
new Credential { LoginId = "Lucina_Lary", PasswordHash = PasswordHasher.HashPassword("password") },
new Credential { LoginId = "Bok_Isaacs", PasswordHash = PasswordHasher.HashPassword("password") },
new Credential { LoginId = "Rolande_Spickerman", PasswordHash = PasswordHasher.HashPassword("password") },
new Credential { LoginId = "Howard_Paulas", PasswordHash = PasswordHasher.HashPassword("password") },
new Credential { LoginId = "Marti_Maybury", PasswordHash = PasswordHasher.HashPassword("password") },
new Credential { LoginId = "Nieves_Gotter", PasswordHash = PasswordHasher.HashPassword("password") },
new Credential { LoginId = "Leatha_Hagele", PasswordHash = PasswordHasher.HashPassword("password") },
new Credential { LoginId = "Valentin_Klimek", PasswordHash = PasswordHasher.HashPassword("password") },
new Credential { LoginId = "Melissa_Wiklund", PasswordHash = PasswordHasher.HashPassword("password") },
new Credential { LoginId = "Sheridan_Zane", PasswordHash = PasswordHasher.HashPassword("password") },
new Credential { LoginId = "Bulah_Padilla", PasswordHash = PasswordHasher.HashPassword("password") },
new Credential { LoginId = "Audra_Kohnert", PasswordHash = PasswordHasher.HashPassword("password") },
new Credential { LoginId = "Daren_Weirather", PasswordHash = PasswordHasher.HashPassword("password") },
new Credential { LoginId = "Fernanda_Jillson", PasswordHash = PasswordHasher.HashPassword("password") },
new Credential { LoginId = "Gearldine_Gellinger", PasswordHash = PasswordHasher.HashPassword("password") },
new Credential { LoginId = "Chau_Kitzman", PasswordHash = PasswordHasher.HashPassword("password") },
new Credential { LoginId = "Theola_Frey", PasswordHash = PasswordHasher.HashPassword("password") },
new Credential { LoginId = "Laticia_Merced", PasswordHash = PasswordHasher.HashPassword("password") },
new Credential { LoginId = "Carissa_Batman", PasswordHash = PasswordHasher.HashPassword("password") },
new Credential { LoginId = "Lezlie_Craghead", PasswordHash = PasswordHasher.HashPassword("password") },
new Credential { LoginId = "Ozell_Shealy", PasswordHash = PasswordHasher.HashPassword("password") },
new Credential { LoginId = "Arminda_Parvis", PasswordHash = PasswordHasher.HashPassword("password") },
new Credential { LoginId = "Reita_Leto", PasswordHash = PasswordHasher.HashPassword("password") },
new Credential { LoginId = "Yolando_Luczki", PasswordHash = PasswordHasher.HashPassword("password") },
new Credential { LoginId = "Gregoria_Pawlowicz", PasswordHash = PasswordHasher.HashPassword("password") },
new Credential { LoginId = "Carin_Deleo", PasswordHash = PasswordHasher.HashPassword("password") },
new Credential { LoginId = "Chantell_Maynerich", PasswordHash = PasswordHasher.HashPassword("password") },
new Credential { LoginId = "Dierdre_Yum", PasswordHash = PasswordHasher.HashPassword("password") },
new Credential { LoginId = "Larae_Gudroe", PasswordHash = PasswordHasher.HashPassword("password") },
new Credential { LoginId = "Latrice_Tolfree", PasswordHash = PasswordHasher.HashPassword("password") },
new Credential { LoginId = "Kerry_Theodorov", PasswordHash = PasswordHasher.HashPassword("password") },
new Credential { LoginId = "Dorthy_Hidvegi", PasswordHash = PasswordHasher.HashPassword("password") },
new Credential { LoginId = "Fannie_Lungren", PasswordHash = PasswordHasher.HashPassword("password") },
new Credential { LoginId = "Evangelina_Radde", PasswordHash = PasswordHasher.HashPassword("password") },
new Credential { LoginId = "Novella_Degroot", PasswordHash = PasswordHasher.HashPassword("password") },
new Credential { LoginId = "Clay_Hoa", PasswordHash = PasswordHasher.HashPassword("password") },
new Credential { LoginId = "Jennifer_Fallick", PasswordHash = PasswordHasher.HashPassword("password") },
new Credential { LoginId = "Eun_Coody", PasswordHash = PasswordHasher.HashPassword("password") },
new Credential { LoginId = "Sylvia_Cousey", PasswordHash = PasswordHasher.HashPassword("password") },
new Credential { LoginId = "Nana_Wrinkles", PasswordHash = PasswordHasher.HashPassword("password") },
new Credential { LoginId = "Layla_Springe", PasswordHash = PasswordHasher.HashPassword("password") },
new Credential { LoginId = "Joesph_Degonia", PasswordHash = PasswordHasher.HashPassword("password") },
new Credential { LoginId = "Stephaine_Vinning", PasswordHash = PasswordHasher.HashPassword("password") },
new Credential { LoginId = "Marguerita_Hiatt", PasswordHash = PasswordHasher.HashPassword("password") },
new Credential { LoginId = "Carmela_Cookey", PasswordHash = PasswordHasher.HashPassword("password") },
new Credential { LoginId = "Claribel_Varriano", PasswordHash = PasswordHasher.HashPassword("password") },
new Credential { LoginId = "Benton_Skursky", PasswordHash = PasswordHasher.HashPassword("password") },
new Credential { LoginId = "Hillary_Skulski", PasswordHash = PasswordHasher.HashPassword("password") },
new Credential { LoginId = "Merilyn_Bayless", PasswordHash = PasswordHasher.HashPassword("password") },
new Credential { LoginId = "Teri_Ennaco", PasswordHash = PasswordHasher.HashPassword("password") },
new Credential { LoginId = "Georgene_Montezuma", PasswordHash = PasswordHasher.HashPassword("password") },
new Credential { LoginId = "Lemuel_Latzke", PasswordHash = PasswordHasher.HashPassword("password") },
new Credential { LoginId = "Melodie_Knipp", PasswordHash = PasswordHasher.HashPassword("password") },
new Credential { LoginId = "Karan_Karpin", PasswordHash = PasswordHasher.HashPassword("password") },
new Credential { LoginId = "Andra_Scheyer", PasswordHash = PasswordHasher.HashPassword("password") },
new Credential { LoginId = "Belen_Strassner", PasswordHash = PasswordHasher.HashPassword("password") },
new Credential { LoginId = "Gracia_Melnyk", PasswordHash = PasswordHasher.HashPassword("password") },
new Credential { LoginId = "Barrett_Toyama", PasswordHash = PasswordHasher.HashPassword("password") },
new Credential { LoginId = "Helga_Fredicks", PasswordHash = PasswordHasher.HashPassword("password") },
new Credential { LoginId = "Ashlyn_Pinilla", PasswordHash = PasswordHasher.HashPassword("password") },
new Credential { LoginId = "Fausto_Agramonte", PasswordHash = PasswordHasher.HashPassword("password") },
new Credential { LoginId = "Ronny_Caiafa", PasswordHash = PasswordHasher.HashPassword("password") },
new Credential { LoginId = "Marge_Limmel", PasswordHash = PasswordHasher.HashPassword("password") },
new Credential { LoginId = "Norah_Waymire", PasswordHash = PasswordHasher.HashPassword("password") },
new Credential { LoginId = "Aliza_Baltimore", PasswordHash = PasswordHasher.HashPassword("password") },
new Credential { LoginId = "Mozell_Pelkowski", PasswordHash = PasswordHasher.HashPassword("password") },
new Credential { LoginId = "Viola_Bitsuie", PasswordHash = PasswordHasher.HashPassword("password") },
new Credential { LoginId = "Franklyn_Emard", PasswordHash = PasswordHasher.HashPassword("password") },
new Credential { LoginId = "Willodean_Konopacki", PasswordHash = PasswordHasher.HashPassword("password") },
new Credential { LoginId = "Beckie_Silvestrini", PasswordHash = PasswordHasher.HashPassword("password") },
new Credential { LoginId = "Rebecka_Gesick", PasswordHash = PasswordHasher.HashPassword("password") },
new Credential { LoginId = "Frederica_Blunk", PasswordHash = PasswordHasher.HashPassword("password") },
new Credential { LoginId = "Glen_Bartolet", PasswordHash = PasswordHasher.HashPassword("password") },
new Credential { LoginId = "Freeman_Gochal", PasswordHash = PasswordHasher.HashPassword("password") },
new Credential { LoginId = "Vincent_Meinerding", PasswordHash = PasswordHasher.HashPassword("password") },
new Credential { LoginId = "Rima_Bevelacqua", PasswordHash = PasswordHasher.HashPassword("password") },
new Credential { LoginId = "Glendora_Sarbacher", PasswordHash = PasswordHasher.HashPassword("password") },
new Credential { LoginId = "Avery_Steier", PasswordHash = PasswordHasher.HashPassword("password") },
new Credential { LoginId = "Cristy_Lother", PasswordHash = PasswordHasher.HashPassword("password") },
new Credential { LoginId = "Tracey_Modzelewski", PasswordHash = PasswordHasher.HashPassword("password") },
new Credential { LoginId = "Virgina_Tegarden", PasswordHash = PasswordHasher.HashPassword("password") },
new Credential { LoginId = "Tiera_Frankel", PasswordHash = PasswordHasher.HashPassword("password") },
new Credential { LoginId = "Alaine_Bergesen", PasswordHash = PasswordHasher.HashPassword("password") },
new Credential { LoginId = "Earleen_Mai", PasswordHash = PasswordHasher.HashPassword("password") },
new Credential { LoginId = "Leonida_Gobern", PasswordHash = PasswordHasher.HashPassword("password") },
new Credential { LoginId = "Ressie_Auffrey", PasswordHash = PasswordHasher.HashPassword("password") },
new Credential { LoginId = "Justine_Mugnolo", PasswordHash = PasswordHasher.HashPassword("password") },
new Credential { LoginId = "Chaya_Malvin", PasswordHash = PasswordHasher.HashPassword("password") },
new Credential { LoginId = "Gwenn_Suffield", PasswordHash = PasswordHasher.HashPassword("password") },
new Credential { LoginId = "Salena_Karpel", PasswordHash = PasswordHasher.HashPassword("password") },
new Credential { LoginId = "Taryn_Moyd", PasswordHash = PasswordHasher.HashPassword("password") },
new Credential { LoginId = "Rickie_Plumer", PasswordHash = PasswordHasher.HashPassword("password") },
new Credential { LoginId = "Alex_Loader", PasswordHash = PasswordHasher.HashPassword("password") },
new Credential { LoginId = "Lashon_Vizarro", PasswordHash = PasswordHasher.HashPassword("password") },
new Credential { LoginId = "Lauran_Burnard", PasswordHash = PasswordHasher.HashPassword("password") },
new Credential { LoginId = "My_Rantanen", PasswordHash = PasswordHasher.HashPassword("password") },
new Credential { LoginId = "Lorrine_Worlds", PasswordHash = PasswordHasher.HashPassword("password") },
new Credential { LoginId = "Peggie_Sturiale", PasswordHash = PasswordHasher.HashPassword("password") },
new Credential { LoginId = "Marvel_Raymo", PasswordHash = PasswordHasher.HashPassword("password") },
new Credential { LoginId = "Daron_Dinos", PasswordHash = PasswordHasher.HashPassword("password") },
new Credential { LoginId = "Rhea_Aredondo", PasswordHash = PasswordHasher.HashPassword("password") },
new Credential { LoginId = "Benedict_Sama", PasswordHash = PasswordHasher.HashPassword("password") },
new Credential { LoginId = "Alyce_Arias", PasswordHash = PasswordHasher.HashPassword("password") },
new Credential { LoginId = "Carey_Dopico", PasswordHash = PasswordHasher.HashPassword("password") },
new Credential { LoginId = "Dottie_Hellickson", PasswordHash = PasswordHasher.HashPassword("password") },
new Credential { LoginId = "Deandrea_Hughey", PasswordHash = PasswordHasher.HashPassword("password") },
new Credential { LoginId = "Kimberlie_Duenas", PasswordHash = PasswordHasher.HashPassword("password") },
new Credential { LoginId = "Martina_Staback", PasswordHash = PasswordHasher.HashPassword("password") },
new Credential { LoginId = "Skye_Fillingim", PasswordHash = PasswordHasher.HashPassword("password") },
new Credential { LoginId = "Jade_Farrar", PasswordHash = PasswordHasher.HashPassword("password") },
new Credential { LoginId = "Charlene_Hamilton", PasswordHash = PasswordHasher.HashPassword("password") },
new Credential { LoginId = "Geoffrey_Acey", PasswordHash = PasswordHasher.HashPassword("password") },
new Credential { LoginId = "Stevie_Westerbeck", PasswordHash = PasswordHasher.HashPassword("password") },
new Credential { LoginId = "Pamella_Fortino", PasswordHash = PasswordHasher.HashPassword("password") },
new Credential { LoginId = "Johnna_Engelberg", PasswordHash = PasswordHasher.HashPassword("password") },
new Credential { LoginId = "Buddy_Cloney", PasswordHash = PasswordHasher.HashPassword("password") },
new Credential { LoginId = "Jerry_Zurcher", PasswordHash = PasswordHasher.HashPassword("password") },
new Credential { LoginId = "Haydee_Denooyer", PasswordHash = PasswordHasher.HashPassword("password") },
new Credential { LoginId = "Joseph_Cryer", PasswordHash = PasswordHasher.HashPassword("password") },
new Credential { LoginId = "Deonna_Kippley", PasswordHash = PasswordHasher.HashPassword("password") },
new Credential { LoginId = "Raymon_Calvaresi", PasswordHash = PasswordHasher.HashPassword("password") },
new Credential { LoginId = "Alecia_Bubash", PasswordHash = PasswordHasher.HashPassword("password") },
new Credential { LoginId = "Detra_Coyier", PasswordHash = PasswordHasher.HashPassword("password") },
new Credential { LoginId = "Terrilyn_Rodeigues", PasswordHash = PasswordHasher.HashPassword("password") },
new Credential { LoginId = "Salome_Lacovara", PasswordHash = PasswordHasher.HashPassword("password") },
new Credential { LoginId = "Garry_Keetch", PasswordHash = PasswordHasher.HashPassword("password") },
new Credential { LoginId = "Matthew_Neither", PasswordHash = PasswordHasher.HashPassword("password") },
new Credential { LoginId = "Theodora_Restrepo", PasswordHash = PasswordHasher.HashPassword("password") },
new Credential { LoginId = "Noah_Kalafatis", PasswordHash = PasswordHasher.HashPassword("password") },
new Credential { LoginId = "Lavonda_Hengel", PasswordHash = PasswordHasher.HashPassword("password") },
new Credential { LoginId = "Junita_Stoltzman", PasswordHash = PasswordHasher.HashPassword("password") },
new Credential { LoginId = "Herminia_Nicolozakes", PasswordHash = PasswordHasher.HashPassword("password") },
new Credential { LoginId = "Casie_Good", PasswordHash = PasswordHasher.HashPassword("password") },
new Credential { LoginId = "Reena_Maisto", PasswordHash = PasswordHasher.HashPassword("password") },
new Credential { LoginId = "Mirta_Mallett", PasswordHash = PasswordHasher.HashPassword("password") },
new Credential { LoginId = "Cathrine_Pontoriero", PasswordHash = PasswordHasher.HashPassword("password") },
new Credential { LoginId = "Filiberto_Tawil", PasswordHash = PasswordHasher.HashPassword("password") },
new Credential { LoginId = "Raul_Upthegrove", PasswordHash = PasswordHasher.HashPassword("password") },
new Credential { LoginId = "Sarah_Candlish", PasswordHash = PasswordHasher.HashPassword("password") },
new Credential { LoginId = "Judy_Aquas", PasswordHash = PasswordHasher.HashPassword("password") },
new Credential { LoginId = "Kayleigh_Lace", PasswordHash = PasswordHasher.HashPassword("password") },
new Credential { LoginId = "Felix_Hirpara", PasswordHash = PasswordHasher.HashPassword("password") },
new Credential { LoginId = "Tresa_Sweely", PasswordHash = PasswordHasher.HashPassword("password") },
new Credential { LoginId = "Kristeen_Turinetti", PasswordHash = PasswordHasher.HashPassword("password") },
new Credential { LoginId = "Jenelle_Regusters", PasswordHash = PasswordHasher.HashPassword("password") },
new Credential { LoginId = "Renea_Monterrubio", PasswordHash = PasswordHasher.HashPassword("password") },
new Credential { LoginId = "Olive_Matuszak", PasswordHash = PasswordHasher.HashPassword("password") },
new Credential { LoginId = "Ligia_Reiber", PasswordHash = PasswordHasher.HashPassword("password") },
new Credential { LoginId = "Christiane_Eschberger", PasswordHash = PasswordHasher.HashPassword("password") },
new Credential { LoginId = "Loreta_Timenez", PasswordHash = PasswordHasher.HashPassword("password") },
new Credential { LoginId = "Fabiola_Hauenstein", PasswordHash = PasswordHasher.HashPassword("password") },
new Credential { LoginId = "Amie_Perigo", PasswordHash = PasswordHasher.HashPassword("password") },
new Credential { LoginId = "Raina_Brachle", PasswordHash = PasswordHasher.HashPassword("password") },
new Credential { LoginId = "Cherry_Lietz", PasswordHash = PasswordHasher.HashPassword("password") },
new Credential { LoginId = "Kattie_Vonasek", PasswordHash = PasswordHasher.HashPassword("password") },
new Credential { LoginId = "Lilli_Scriven", PasswordHash = PasswordHasher.HashPassword("password") },
new Credential { LoginId = "Whitley_Tomasulo", PasswordHash = PasswordHasher.HashPassword("password") },
new Credential { LoginId = "Barbra_Adkin", PasswordHash = PasswordHasher.HashPassword("password") },
new Credential { LoginId = "Jesusita_Flister", PasswordHash = PasswordHasher.HashPassword("password") },
new Credential { LoginId = "Roosevelt_Hoffis", PasswordHash = PasswordHasher.HashPassword("password") },
new Credential { LoginId = "Lorean_Martabano", PasswordHash = PasswordHasher.HashPassword("password") },
new Credential { LoginId = "France_Buzick", PasswordHash = PasswordHasher.HashPassword("password") },
new Credential { LoginId = "Justine_Ferrario", PasswordHash = PasswordHasher.HashPassword("password") },
new Credential { LoginId = "Adelina_Nabours", PasswordHash = PasswordHasher.HashPassword("password") },
new Credential { LoginId = "Derick_Dhamer", PasswordHash = PasswordHasher.HashPassword("password") },
new Credential { LoginId = "Jerry_Dallen", PasswordHash = PasswordHasher.HashPassword("password") },
new Credential { LoginId = "Leota_Ragel", PasswordHash = PasswordHasher.HashPassword("password") },
new Credential { LoginId = "Jutta_Amyot", PasswordHash = PasswordHasher.HashPassword("password") },
new Credential { LoginId = "Kirk_Herritt", PasswordHash = PasswordHasher.HashPassword("password") },
new Credential { LoginId = "Winfred_Brucato", PasswordHash = PasswordHasher.HashPassword("password") },
new Credential { LoginId = "Tarra_Nachor", PasswordHash = PasswordHasher.HashPassword("password") },
new Credential { LoginId = "Dulce_Labreche", PasswordHash = PasswordHasher.HashPassword("password") },
new Credential { LoginId = "Kate_Keneipp", PasswordHash = PasswordHasher.HashPassword("password") },
new Credential { LoginId = "Kaitlyn_Ogg", PasswordHash = PasswordHasher.HashPassword("password") },
new Credential { LoginId = "Sherita_Saras", PasswordHash = PasswordHasher.HashPassword("password") },
new Credential { LoginId = "Lashawnda_Stuer", PasswordHash = PasswordHasher.HashPassword("password") },
new Credential { LoginId = "Ernest_Syrop", PasswordHash = PasswordHasher.HashPassword("password") },
new Credential { LoginId = "Lavonna_Wolny", PasswordHash = PasswordHasher.HashPassword("password") },
new Credential { LoginId = "Lashaunda_Lizama", PasswordHash = PasswordHasher.HashPassword("password") },
new Credential { LoginId = "Mariann_Bilden", PasswordHash = PasswordHasher.HashPassword("password") },
new Credential { LoginId = "Helene_Rodenberger", PasswordHash = PasswordHasher.HashPassword("password") },
new Credential { LoginId = "Roselle_Estell", PasswordHash = PasswordHasher.HashPassword("password") },
new Credential { LoginId = "Samira_Heintzman", PasswordHash = PasswordHasher.HashPassword("password") },
new Credential { LoginId = "Margart_Meisel", PasswordHash = PasswordHasher.HashPassword("password") },
new Credential { LoginId = "Kristofer_Bennick", PasswordHash = PasswordHasher.HashPassword("password") },
new Credential { LoginId = "Weldon_Acuff", PasswordHash = PasswordHasher.HashPassword("password") },
new Credential { LoginId = "Shalon_Shadrick", PasswordHash = PasswordHasher.HashPassword("password") },
new Credential { LoginId = "Denise_Patak", PasswordHash = PasswordHasher.HashPassword("password") },
new Credential { LoginId = "Louvenia_Beech", PasswordHash = PasswordHasher.HashPassword("password") },
new Credential { LoginId = "Audry_Yaw", PasswordHash = PasswordHasher.HashPassword("password") },
new Credential { LoginId = "Kristel_Ehmann", PasswordHash = PasswordHasher.HashPassword("password") },
new Credential { LoginId = "Vincenza_Zepp", PasswordHash = PasswordHasher.HashPassword("password") },
new Credential { LoginId = "Elouise_Gwalthney", PasswordHash = PasswordHasher.HashPassword("password") },
new Credential { LoginId = "Venita_Maillard", PasswordHash = PasswordHasher.HashPassword("password") },
new Credential { LoginId = "Kasandra_Semidey", PasswordHash = PasswordHasher.HashPassword("password") },
new Credential { LoginId = "Xochitl_Discipio", PasswordHash = PasswordHasher.HashPassword("password") },
new Credential { LoginId = "Maile_Linahan", PasswordHash = PasswordHasher.HashPassword("password") },
new Credential { LoginId = "Krissy_Rauser", PasswordHash = PasswordHasher.HashPassword("password") },
new Credential { LoginId = "Linn_Paa", PasswordHash = PasswordHasher.HashPassword("password") },
new Credential { LoginId = "Paris_Wide", PasswordHash = PasswordHasher.HashPassword("password") },
new Credential { LoginId = "Wynell_Dorshorst", PasswordHash = PasswordHasher.HashPassword("password") },
new Credential { LoginId = "Quentin_Birkner", PasswordHash = PasswordHasher.HashPassword("password") },
new Credential { LoginId = "Regenia_Kannady", PasswordHash = PasswordHasher.HashPassword("password") },
new Credential { LoginId = "Sheron_Louissant", PasswordHash = PasswordHasher.HashPassword("password") },
new Credential { LoginId = "Izetta_Funnell", PasswordHash = PasswordHasher.HashPassword("password") },
new Credential { LoginId = "Rodolfo_Butzen", PasswordHash = PasswordHasher.HashPassword("password") },
new Credential { LoginId = "Serina_Zagen", PasswordHash = PasswordHasher.HashPassword("password") },
new Credential { LoginId = "Paz_Sahagun", PasswordHash = PasswordHasher.HashPassword("password") },
new Credential { LoginId = "Markus_Lukasik", PasswordHash = PasswordHasher.HashPassword("password") },
new Credential { LoginId = "Jaclyn_Bachman", PasswordHash = PasswordHasher.HashPassword("password") },
new Credential { LoginId = "Cyril_Daufeldt", PasswordHash = PasswordHasher.HashPassword("password") },
new Credential { LoginId = "Gayla_Schnitzler", PasswordHash = PasswordHasher.HashPassword("password") },
new Credential { LoginId = "Erick_Nievas", PasswordHash = PasswordHasher.HashPassword("password") },
new Credential { LoginId = "Jennie_Drymon", PasswordHash = PasswordHasher.HashPassword("password") },
new Credential { LoginId = "Mitsue_Scipione", PasswordHash = PasswordHasher.HashPassword("password") },
new Credential { LoginId = "Ciara_Ventura", PasswordHash = PasswordHasher.HashPassword("password") },
new Credential { LoginId = "Galen_Cantres", PasswordHash = PasswordHasher.HashPassword("password") },
new Credential { LoginId = "Gail_Kitty", PasswordHash = PasswordHasher.HashPassword("password") },
new Credential { LoginId = "Dalene_Schoeneck", PasswordHash = PasswordHasher.HashPassword("password") },
new Credential { LoginId = "Gertude_Witten", PasswordHash = PasswordHasher.HashPassword("password") },
new Credential { LoginId = "Lizbeth_Kohl", PasswordHash = PasswordHasher.HashPassword("password") },
new Credential { LoginId = "Glenn_Berray", PasswordHash = PasswordHasher.HashPassword("password") },
new Credential { LoginId = "Lashandra_Klang", PasswordHash = PasswordHasher.HashPassword("password") },
new Credential { LoginId = "Lenna_Newville", PasswordHash = PasswordHasher.HashPassword("password") },
new Credential { LoginId = "Laurel_Pagliuca", PasswordHash = PasswordHasher.HashPassword("password") },
new Credential { LoginId = "Mireya_Frerking", PasswordHash = PasswordHasher.HashPassword("password") },
new Credential { LoginId = "Annelle_Tagala", PasswordHash = PasswordHasher.HashPassword("password") },
new Credential { LoginId = "Dean_Ketelsen", PasswordHash = PasswordHasher.HashPassword("password") },
new Credential { LoginId = "Sylvie_Ryser", PasswordHash = PasswordHasher.HashPassword("password") },
new Credential { LoginId = "Sharee_Maile", PasswordHash = PasswordHasher.HashPassword("password") },
new Credential { LoginId = "Cordelia_Storment", PasswordHash = PasswordHasher.HashPassword("password") },
new Credential { LoginId = "Mollie_Mcdoniel", PasswordHash = PasswordHasher.HashPassword("password") },
new Credential { LoginId = "Brett_Mccullan", PasswordHash = PasswordHasher.HashPassword("password") },
new Credential { LoginId = "Hubert_Walthall", PasswordHash = PasswordHasher.HashPassword("password") },
new Credential { LoginId = "Vilma_Berlanga", PasswordHash = PasswordHasher.HashPassword("password") },
new Credential { LoginId = "Billye_Miro", PasswordHash = PasswordHasher.HashPassword("password") },
new Credential { LoginId = "Glenna_Slayton", PasswordHash = PasswordHasher.HashPassword("password") },
new Credential { LoginId = "Mitzie_Hudnall", PasswordHash = PasswordHasher.HashPassword("password") },
new Credential { LoginId = "Bernardine_Rodefer", PasswordHash = PasswordHasher.HashPassword("password") },
new Credential { LoginId = "Staci_Schmaltz", PasswordHash = PasswordHasher.HashPassword("password") },
new Credential { LoginId = "Nichelle_Meteer", PasswordHash = PasswordHasher.HashPassword("password") },
new Credential { LoginId = "Janine_Rhoden", PasswordHash = PasswordHasher.HashPassword("password") },
new Credential { LoginId = "Ettie_Hoopengardner", PasswordHash = PasswordHasher.HashPassword("password") },
new Credential { LoginId = "Eden_Jayson", PasswordHash = PasswordHasher.HashPassword("password") },
new Credential { LoginId = "Merissa_Tomblin", PasswordHash = PasswordHasher.HashPassword("password") },
new Credential { LoginId = "Virgie_Kiel", PasswordHash = PasswordHasher.HashPassword("password") },
new Credential { LoginId = "Jolene_Ostolaza", PasswordHash = PasswordHasher.HashPassword("password") },
new Credential { LoginId = "Keneth_Borgman", PasswordHash = PasswordHasher.HashPassword("password") },
new Credential { LoginId = "Rikki_Nayar", PasswordHash = PasswordHasher.HashPassword("password") },
new Credential { LoginId = "Elke_Sengbusch", PasswordHash = PasswordHasher.HashPassword("password") },
new Credential { LoginId = "Hoa_Sarao", PasswordHash = PasswordHasher.HashPassword("password") },
new Credential { LoginId = "Trinidad_Mcrae", PasswordHash = PasswordHasher.HashPassword("password") },
new Credential { LoginId = "Mari_Lueckenbach", PasswordHash = PasswordHasher.HashPassword("password") },
new Credential { LoginId = "Antione_Onofrio", PasswordHash = PasswordHasher.HashPassword("password") },
new Credential { LoginId = "Clorinda_Heimann", PasswordHash = PasswordHasher.HashPassword("password") },
new Credential { LoginId = "Dick_Wenzinger", PasswordHash = PasswordHasher.HashPassword("password") },
new Credential { LoginId = "Ahmed_Angalich", PasswordHash = PasswordHasher.HashPassword("password") },
new Credential { LoginId = "Iluminada_Ohms", PasswordHash = PasswordHasher.HashPassword("password") },
new Credential { LoginId = "Joanna_Leinenbach", PasswordHash = PasswordHasher.HashPassword("password") },
new Credential { LoginId = "Caprice_Suell", PasswordHash = PasswordHasher.HashPassword("password") },
new Credential { LoginId = "Stephane_Myricks", PasswordHash = PasswordHasher.HashPassword("password") },
new Credential { LoginId = "Quentin_Swayze", PasswordHash = PasswordHasher.HashPassword("password") },
new Credential { LoginId = "Annmarie_Castros", PasswordHash = PasswordHasher.HashPassword("password") },
new Credential { LoginId = "Jeanice_Claucherty", PasswordHash = PasswordHasher.HashPassword("password") },
new Credential { LoginId = "Josphine_Villanueva", PasswordHash = PasswordHasher.HashPassword("password") },
new Credential { LoginId = "Daniel_Perruzza", PasswordHash = PasswordHasher.HashPassword("password") },
new Credential { LoginId = "Cassi_Wildfong", PasswordHash = PasswordHasher.HashPassword("password") },
new Credential { LoginId = "Britt_Galam", PasswordHash = PasswordHasher.HashPassword("password") },
new Credential { LoginId = "Jacqueline_Rowling", PasswordHash = PasswordHasher.HashPassword("password") },
new Credential { LoginId = "Lonny_Weglarz", PasswordHash = PasswordHasher.HashPassword("password") },
new Credential { LoginId = "Lonna_Diestel", PasswordHash = PasswordHasher.HashPassword("password") },
new Credential { LoginId = "Cristal_Samara", PasswordHash = PasswordHasher.HashPassword("password") },
new Credential { LoginId = "Kenneth_Grenet", PasswordHash = PasswordHasher.HashPassword("password") },
new Credential { LoginId = "Elli_Mclaird", PasswordHash = PasswordHasher.HashPassword("password") },
new Credential { LoginId = "Alline_Jeanty", PasswordHash = PasswordHasher.HashPassword("password") },
new Credential { LoginId = "Sharika_Eanes", PasswordHash = PasswordHasher.HashPassword("password") },
new Credential { LoginId = "Cecilia_Colaizzo", PasswordHash = PasswordHasher.HashPassword("password") },
new Credential { LoginId = "Leslie_Threets", PasswordHash = PasswordHasher.HashPassword("password") },
new Credential { LoginId = "Nan_Koppinger", PasswordHash = PasswordHasher.HashPassword("password") },
new Credential { LoginId = "Izetta_Dewar", PasswordHash = PasswordHasher.HashPassword("password") },
new Credential { LoginId = "Ruthann_Keener", PasswordHash = PasswordHasher.HashPassword("password") },
new Credential { LoginId = "Joni_Breland", PasswordHash = PasswordHasher.HashPassword("password") },
new Credential { LoginId = "Colette_Kardas", PasswordHash = PasswordHasher.HashPassword("password") },
new Credential { LoginId = "Malcolm_Tromblay", PasswordHash = PasswordHasher.HashPassword("password") },
new Credential { LoginId = "Ryan_Harnos", PasswordHash = PasswordHasher.HashPassword("password") },
new Credential { LoginId = "Jess_Chaffins", PasswordHash = PasswordHasher.HashPassword("password") },
new Credential { LoginId = "Sharen_Bourbon", PasswordHash = PasswordHasher.HashPassword("password") },
new Credential { LoginId = "Nickolas_Juvera", PasswordHash = PasswordHasher.HashPassword("password") },
new Credential { LoginId = "Gary_Nunlee", PasswordHash = PasswordHasher.HashPassword("password") },
new Credential { LoginId = "Diane_Devreese", PasswordHash = PasswordHasher.HashPassword("password") },
new Credential { LoginId = "Roslyn_Chavous", PasswordHash = PasswordHasher.HashPassword("password") },
new Credential { LoginId = "Glory_Schieler", PasswordHash = PasswordHasher.HashPassword("password") },
new Credential { LoginId = "Rasheeda_Sayaphon", PasswordHash = PasswordHasher.HashPassword("password") },
new Credential { LoginId = "Refugia_Jacobos", PasswordHash = PasswordHasher.HashPassword("password") },
new Credential { LoginId = "Shawnda_Yori", PasswordHash = PasswordHasher.HashPassword("password") },
new Credential { LoginId = "Mona_Delasancha", PasswordHash = PasswordHasher.HashPassword("password") },
new Credential { LoginId = "Gilma_Liukko", PasswordHash = PasswordHasher.HashPassword("password") },
new Credential { LoginId = "Janey_Gabisi", PasswordHash = PasswordHasher.HashPassword("password") },
new Credential { LoginId = "Loren_Asar", PasswordHash = PasswordHasher.HashPassword("password") },
new Credential { LoginId = "Dorothy_Chesterfield", PasswordHash = PasswordHasher.HashPassword("password") },
new Credential { LoginId = "Gail_Similton", PasswordHash = PasswordHasher.HashPassword("password") },
new Credential { LoginId = "Carlee_Boulter", PasswordHash = PasswordHasher.HashPassword("password") },
new Credential { LoginId = "Thaddeus_Ankeny", PasswordHash = PasswordHasher.HashPassword("password") },
new Credential { LoginId = "Jovita_Oles", PasswordHash = PasswordHasher.HashPassword("password") },
new Credential { LoginId = "Alesia_Hixenbaugh", PasswordHash = PasswordHasher.HashPassword("password") },
new Credential { LoginId = "Lai_Harabedian", PasswordHash = PasswordHasher.HashPassword("password") },
new Credential { LoginId = "Brittni_Gillaspie", PasswordHash = PasswordHasher.HashPassword("password") },
new Credential { LoginId = "Raylene_Kampa", PasswordHash = PasswordHasher.HashPassword("password") },
new Credential { LoginId = "Flo_Bookamer", PasswordHash = PasswordHasher.HashPassword("password") },
new Credential { LoginId = "Jani_Biddy", PasswordHash = PasswordHasher.HashPassword("password") },
new Credential { LoginId = "Chauncey_Motley", PasswordHash = PasswordHasher.HashPassword("password") },

